{"cameraMode":{"drawMode":0,"name":"Shaded","section":"Shading Mode"},"sceneLighting":true,"audioPlay":false,"sceneViewState":{"showFog":true,"showMaterialUpdate":false,"showSkybox":true,"showFlares":true,"showImageEffects":true,"showParticleSystems":true},"in2DMode":false,"pivot":{"x":0.24171021580696107,"y":0.03420986980199814,"z":-1.2543344497680665},"rotation":{"x":-0.2211788296699524,"y":0.06314922869205475,"z":-0.014352998696267605,"w":-0.9730806946754456},"size":3.9473628997802736,"orthographic":true}