{"cameraMode":{"drawMode":0,"name":"Shaded","section":"Shading Mode"},"sceneLighting":true,"audioPlay":false,"sceneViewState":{"showFog":true,"showMaterialUpdate":false,"showSkybox":true,"showFlares":true,"showImageEffects":true,"showParticleSystems":true},"in2DMode":false,"pivot":{"x":-1.5471373796463013,"y":-2.8859024047851564,"z":3.3560421466827394},"rotation":{"x":0.210161030292511,"y":-0.02493218518793583,"z":0.005361226387321949,"w":0.9773341417312622},"size":7.253995895385742,"orthographic":false}