{"cameraMode":{"drawMode":0,"name":"Shaded","section":"Shading Mode"},"sceneLighting":false,"audioPlay":false,"sceneViewState":{"showFog":true,"showMaterialUpdate":true,"showSkybox":true,"showFlares":true,"showImageEffects":true,"showParticleSystems":true},"in2DMode":false,"pivot":{"x":1.2699999809265137,"y":5.070000171661377,"z":-0.07999992370605469},"rotation":{"x":0.014162275940179825,"y":0.9635547399520874,"z":-0.26200932264328005,"w":0.0520826019346714},"size":16.7186222076416,"orthographic":false}