{"cameraMode":{"drawMode":0,"name":"Shaded","section":"Shading Mode"},"sceneLighting":false,"audioPlay":false,"sceneViewState":{"showFog":true,"showMaterialUpdate":true,"showSkybox":true,"showFlares":true,"showImageEffects":true,"showParticleSystems":true},"in2DMode":false,"pivot":{"x":1.0073494911193848,"y":5.676474571228027,"z":0.9792872071266174},"rotation":{"x":0.1698523461818695,"y":0.4339771270751953,"z":-0.08368750661611557,"w":0.8808019757270813},"size":8.772851943969727,"orthographic":false}