{"cameraMode":{"drawMode":0,"name":"Shaded","section":"Shading Mode"},"sceneLighting":false,"audioPlay":false,"sceneViewState":{"showFog":true,"showMaterialUpdate":true,"showSkybox":true,"showFlares":true,"showImageEffects":true,"showParticleSystems":true},"in2DMode":false,"pivot":{"x":3.83943510055542,"y":-0.0025496259331703188,"z":3.5117549896240236},"rotation":{"x":0.3335030972957611,"y":0.17754033207893372,"z":-0.06410420686006546,"w":0.9236588478088379},"size":11.261214256286621,"orthographic":false}