{"cameraMode":{"drawMode":0,"name":"Shaded","section":"Shading Mode"},"sceneLighting":false,"audioPlay":false,"sceneViewState":{"showFog":true,"showMaterialUpdate":true,"showSkybox":true,"showFlares":true,"showImageEffects":true,"showParticleSystems":true},"in2DMode":false,"pivot":{"x":-3.701983690261841,"y":1.1858232021331788,"z":-8.84330940246582},"rotation":{"x":0.27462512254714968,"y":0.21825671195983888,"z":-0.06415720283985138,"w":0.9342536330223084},"size":4.588698387145996,"orthographic":false}