{"cameraMode":{"drawMode":0,"name":"Shaded","section":"Shading Mode"},"sceneLighting":false,"audioPlay":false,"sceneViewState":{"showFog":true,"showMaterialUpdate":true,"showSkybox":false,"showFlares":true,"showImageEffects":true,"showParticleSystems":true},"in2DMode":false,"pivot":{"x":-19.409521102905275,"y":31.444625854492189,"z":29.507156372070314},"rotation":{"x":0.3870909512042999,"y":-0.01023583859205246,"z":0.004297669976949692,"w":0.9219748973846436},"size":149.70022583007813,"orthographic":false}